"CubeId";"snbmonagg"
"PublishingDate";"2026-07-21 09:00"

"Date";"D0";"D1";"Value"
"2000-01";"B";"GM1";"212697"
"2000-01";"VV";"GM1";"5.66852305"
"2000-02";"B";"GM1";"209974"
"2000-02";"VV";"GM1";"1.86978459"
"2000-03";"B";"GM1";"206603"
"2000-03";"VV";"GM1";"1.77136749"
"2000-04";"B";"GM1";"206650"
"2000-04";"VV";"GM1";"-1.46385657"
"2000-05";"B";"GM1";"206826"
"2000-05";"VV";"GM1";"-1.73836615"
"2000-06";"B";"GM1";"201797"
"2000-06";"VV";"GM1";"-3.64235406"
"2000-07";"B";"GM1";"198813"
"2000-07";"VV";"GM1";"-5.40507106"
"2000-08";"B";"GM1";"199824"
"2000-08";"VV";"GM1";"-4.70504077"
"2000-09";"B";"GM1";"198381"
"2000-09";"VV";"GM1";"-4.89201045"
"2000-10";"B";"GM1";"201560"
"2000-10";"VV";"GM1";"-4.46216121"
"2000-11";"B";"GM1";"208389"
"2000-11";"VV";"GM1";"-2.94623105"
"2000-12";"B";"GM1";"202840"
"2000-12";"VV";"GM1";"-1.98219791"
"2001-01";"B";"GM1";"206020"
"2001-01";"VV";"GM1";"-3.13920742"
"2001-02";"B";"GM1";"204168"
"2001-02";"VV";"GM1";"-2.76510425"
"2001-03";"B";"GM1";"199974"
"2001-03";"VV";"GM1";"-3.20856909"
"2001-04";"B";"GM1";"203333"
"2001-04";"VV";"GM1";"-1.60512945"
"2001-05";"B";"GM1";"206740"
"2001-05";"VV";"GM1";"-0.04158085"
"2001-06";"B";"GM1";"204006"
"2001-06";"VV";"GM1";"1.09466444"
"2001-07";"B";"GM1";"201490"
"2001-07";"VV";"GM1";"1.34649143"
"2001-08";"B";"GM1";"201856"
"2001-08";"VV";"GM1";"1.01689487"
"2001-09";"B";"GM1";"205344"
"2001-09";"VV";"GM1";"3.50991274"
"2001-10";"B";"GM1";"208754"
"2001-10";"VV";"GM1";"3.56916055"
"2001-11";"B";"GM1";"216409"
"2001-11";"VV";"GM1";"3.84857166"
"2001-12";"B";"GM1";"220247"
"2001-12";"VV";"GM1";"8.5816407"
"2002-01";"B";"GM1";"215161"
"2002-01";"VV";"GM1";"4.43694787"
"2002-02";"B";"GM1";"217420"
"2002-02";"VV";"GM1";"6.49073312"
"2002-03";"B";"GM1";"217201"
"2002-03";"VV";"GM1";"8.6146199"
"2002-04";"B";"GM1";"216802"
"2002-04";"VV";"GM1";"6.62410922"
"2002-05";"B";"GM1";"216211"
"2002-05";"VV";"GM1";"4.58111638"
"2002-06";"B";"GM1";"221329"
"2002-06";"VV";"GM1";"8.49141692"
"2002-07";"B";"GM1";"223162"
"2002-07";"VV";"GM1";"10.75586878"
"2002-08";"B";"GM1";"225922"
"2002-08";"VV";"GM1";"11.92236049"
"2002-09";"B";"GM1";"228976"
"2002-09";"VV";"GM1";"11.50849307"
"2002-10";"B";"GM1";"230981"
"2002-10";"VV";"GM1";"10.64746065"
"2002-11";"B";"GM1";"239332"
"2002-11";"VV";"GM1";"10.59244301"
"2002-12";"B";"GM1";"240382"
"2002-12";"VV";"GM1";"9.14200874"
"2003-01";"B";"GM1";"239671"
"2003-01";"VV";"GM1";"11.39146964"
"2003-02";"B";"GM1";"242831"
"2003-02";"VV";"GM1";"11.68751725"
"2003-03";"B";"GM1";"264623"
"2003-03";"VV";"GM1";"21.83323281"
"2003-04";"B";"GM1";"273121"
"2003-04";"VV";"GM1";"25.97715888"
"2003-05";"B";"GM1";"273049"
"2003-05";"VV";"GM1";"26.2882092"
"2003-06";"B";"GM1";"272867"
"2003-06";"VV";"GM1";"23.28569686"
"2003-07";"B";"GM1";"274083"
"2003-07";"VV";"GM1";"22.81795288"
"2003-08";"B";"GM1";"280157"
"2003-08";"VV";"GM1";"24.00607289"
"2003-09";"B";"GM1";"282837"
"2003-09";"VV";"GM1";"23.52255258"
"2003-10";"B";"GM1";"291615"
"2003-10";"VV";"GM1";"26.25064399"
"2003-11";"B";"GM1";"297166"
"2003-11";"VV";"GM1";"24.16475858"
"2003-12";"B";"GM1";"290522"
"2003-12";"VV";"GM1";"20.85846694"
"2004-01";"B";"GM1";"297340"
"2004-01";"VV";"GM1";"24.06173463"
"2004-02";"B";"GM1";"300180"
"2004-02";"VV";"GM1";"23.6168364"
"2004-03";"B";"GM1";"294720"
"2004-03";"VV";"GM1";"11.37353896"
"2004-04";"B";"GM1";"297603"
"2004-04";"VV";"GM1";"8.9637926"
"2004-05";"B";"GM1";"297996"
"2004-05";"VV";"GM1";"9.13645536"
"2004-06";"B";"GM1";"290805"
"2004-06";"VV";"GM1";"6.57389864"
"2004-07";"B";"GM1";"284188"
"2004-07";"VV";"GM1";"3.68683939"
"2004-08";"B";"GM1";"283296"
"2004-08";"VV";"GM1";"1.12044318"
"2004-09";"B";"GM1";"278359"
"2004-09";"VV";"GM1";"-1.58324406"
"2004-10";"B";"GM1";"278392"
"2004-10";"VV";"GM1";"-4.53440324"
"2004-11";"B";"GM1";"282504"
"2004-11";"VV";"GM1";"-4.93394264"
"2004-12";"B";"GM1";"276297"
"2004-12";"VV";"GM1";"-4.89635897"
"2005-01";"B";"GM1";"284209"
"2005-01";"VV";"GM1";"-4.41615659"
"2005-02";"B";"GM1";"284578"
"2005-02";"VV";"GM1";"-5.19754814"
"2005-03";"B";"GM1";"279701"
"2005-03";"VV";"GM1";"-5.09602334"
"2005-04";"B";"GM1";"276220"
"2005-04";"VV";"GM1";"-7.18507542"
"2005-05";"B";"GM1";"276871"
"2005-05";"VV";"GM1";"-7.08902133"
"2005-06";"B";"GM1";"282891"
"2005-06";"VV";"GM1";"-2.72141125"
"2005-07";"B";"GM1";"283289"
"2005-07";"VV";"GM1";"-0.31633989"
"2005-08";"B";"GM1";"282987"
"2005-08";"VV";"GM1";"-0.1090732"
"2005-09";"B";"GM1";"286607"
"2005-09";"VV";"GM1";"2.96308005"
"2005-10";"B";"GM1";"288662"
"2005-10";"VV";"GM1";"3.68904279"
"2005-11";"B";"GM1";"293821"
"2005-11";"VV";"GM1";"4.00596098"
"2005-12";"B";"GM1";"290301"
"2005-12";"VV";"GM1";"5.06845894"
"2006-01";"B";"GM1";"288910"
"2006-01";"VV";"GM1";"1.65406444"
"2006-02";"B";"GM1";"287608"
"2006-02";"VV";"GM1";"1.06473445"
"2006-03";"B";"GM1";"282875"
"2006-03";"VV";"GM1";"1.13478321"
"2006-04";"B";"GM1";"284529"
"2006-04";"VV";"GM1";"3.00810948"
"2006-05";"B";"GM1";"281516"
"2006-05";"VV";"GM1";"1.67767661"
"2006-06";"B";"GM1";"279462"
"2006-06";"VV";"GM1";"-1.21212764"
"2006-07";"B";"GM1";"279644"
"2006-07";"VV";"GM1";"-1.28667191"
"2006-08";"B";"GM1";"281023"
"2006-08";"VV";"GM1";"-0.69402481"
"2006-09";"B";"GM1";"280699"
"2006-09";"VV";"GM1";"-2.06135928"
"2006-10";"B";"GM1";"282109"
"2006-10";"VV";"GM1";"-2.27012908"
"2006-11";"B";"GM1";"282646"
"2006-11";"VV";"GM1";"-3.80333604"
"2006-12";"B";"GM1";"278368"
"2006-12";"VV";"GM1";"-4.11056111"
"2007-01";"B";"GM1";"279067"
"2007-01";"VV";"GM1";"-3.40694334"
"2007-02";"B";"GM1";"279024"
"2007-02";"VV";"GM1";"-2.98461795"
"2007-03";"B";"GM1";"269733"
"2007-03";"VV";"GM1";"-4.64586832"
"2007-04";"B";"GM1";"272198"
"2007-04";"VV";"GM1";"-4.33382889"
"2007-05";"B";"GM1";"270133"
"2007-05";"VV";"GM1";"-4.04346467"
"2007-06";"B";"GM1";"267039"
"2007-06";"VV";"GM1";"-4.44532709"
"2007-07";"B";"GM1";"262361"
"2007-07";"VV";"GM1";"-6.18035788"
"2007-08";"B";"GM1";"259683"
"2007-08";"VV";"GM1";"-7.5936845"
"2007-09";"B";"GM1";"261849"
"2007-09";"VV";"GM1";"-6.71537839"
"2007-10";"B";"GM1";"263614"
"2007-10";"VV";"GM1";"-6.55597659"
"2007-11";"B";"GM1";"271207"
"2007-11";"VV";"GM1";"-4.04711194"
"2007-12";"B";"GM1";"271171"
"2007-12";"VV";"GM1";"-2.58542649"
"2008-01";"B";"GM1";"267030"
"2008-01";"VV";"GM1";"-4.31330111"
"2008-02";"B";"GM1";"265317"
"2008-02";"VV";"GM1";"-4.91248065"
"2008-03";"B";"GM1";"266921"
"2008-03";"VV";"GM1";"-1.04251241"
"2008-04";"B";"GM1";"270442"
"2008-04";"VV";"GM1";"-0.64511863"
"2008-05";"B";"GM1";"265328"
"2008-05";"VV";"GM1";"-1.77875343"
"2008-06";"B";"GM1";"260067"
"2008-06";"VV";"GM1";"-2.61085459"
"2008-07";"B";"GM1";"256129"
"2008-07";"VV";"GM1";"-2.37535304"
"2008-08";"B";"GM1";"258484"
"2008-08";"VV";"GM1";"-0.46171679"
"2008-09";"B";"GM1";"260724"
"2008-09";"VV";"GM1";"-0.42963693"
"2008-10";"B";"GM1";"275820"
"2008-10";"VV";"GM1";"4.63025484"
"2008-11";"B";"GM1";"301924"
"2008-11";"VV";"GM1";"11.32603509"
"2008-12";"B";"GM1";"328752"
"2008-12";"VV";"GM1";"21.23420277"
"2009-01";"B";"GM1";"343606"
"2009-01";"VV";"GM1";"28.67692769"
"2009-02";"B";"GM1";"356459"
"2009-02";"VV";"GM1";"34.35211464"
"2009-03";"B";"GM1";"365634"
"2009-03";"VV";"GM1";"36.98210332"
"2009-04";"B";"GM1";"375773"
"2009-04";"VV";"GM1";"38.94772262"
"2009-05";"B";"GM1";"375936"
"2009-05";"VV";"GM1";"41.6872701"
"2009-06";"B";"GM1";"374318"
"2009-06";"VV";"GM1";"43.93137153"
"2009-07";"B";"GM1";"380765"
"2009-07";"VV";"GM1";"48.66141671"
"2009-08";"B";"GM1";"383099"
"2009-08";"VV";"GM1";"48.20994723"
"2009-09";"B";"GM1";"385113"
"2009-09";"VV";"GM1";"47.70907166"
"2009-10";"B";"GM1";"390946"
"2009-10";"VV";"GM1";"41.73954028"
"2009-11";"B";"GM1";"398081"
"2009-11";"VV";"GM1";"31.84808097"
"2009-12";"B";"GM1";"396659"
"2009-12";"VV";"GM1";"20.65599601"
"2010-01";"B";"GM1";"399521"
"2010-01";"VV";"GM1";"16.27299873"
"2010-02";"B";"GM1";"398750"
"2010-02";"VV";"GM1";"11.86419757"
"2010-03";"B";"GM1";"400870"
"2010-03";"VV";"GM1";"9.63695936"
"2010-04";"B";"GM1";"408033"
"2010-04";"VV";"GM1";"8.58497018"
"2010-05";"B";"GM1";"417864"
"2010-05";"VV";"GM1";"11.15296221"
"2010-06";"B";"GM1";"420657"
"2010-06";"VV";"GM1";"12.379581"
"2010-07";"B";"GM1";"421899"
"2010-07";"VV";"GM1";"10.80298872"
"2010-08";"B";"GM1";"423065"
"2010-08";"VV";"GM1";"10.43229035"
"2010-09";"B";"GM1";"423977"
"2010-09";"VV";"GM1";"10.09158351"
"2010-10";"B";"GM1";"427994"
"2010-10";"VV";"GM1";"9.47650059"
"2010-11";"B";"GM1";"434220"
"2010-11";"VV";"GM1";"9.07830316"
"2010-12";"B";"GM1";"432756"
"2010-12";"VV";"GM1";"9.10025992"
"2011-01";"B";"GM1";"432825"
"2011-01";"VV";"GM1";"8.33598234"
"2011-02";"B";"GM1";"435485"
"2011-02";"VV";"GM1";"9.21253918"
"2011-03";"B";"GM1";"434890"
"2011-03";"VV";"GM1";"8.48654177"
"2011-04";"B";"GM1";"441662"
"2011-04";"VV";"GM1";"8.24173535"
"2011-05";"B";"GM1";"443296"
"2011-05";"VV";"GM1";"6.08619072"
"2011-06";"B";"GM1";"438773"
"2011-06";"VV";"GM1";"4.30659659"
"2011-07";"B";"GM1";"441906"
"2011-07";"VV";"GM1";"4.74213023"
"2011-08";"B";"GM1";"465179"
"2011-08";"VV";"GM1";"9.95449872"
"2011-09";"B";"GM1";"470320"
"2011-09";"VV";"GM1";"10.93054576"
"2011-10";"B";"GM1";"476112"
"2011-10";"VV";"GM1";"11.24268097"
"2011-11";"B";"GM1";"476649"
"2011-11";"VV";"GM1";"9.77131408"
"2011-12";"B";"GM1";"482297"
"2011-12";"VV";"GM1";"11.44779044"
"2012-01";"B";"GM1";"482958"
"2012-01";"VV";"GM1";"11.58274129"
"2012-02";"B";"GM1";"481882"
"2012-02";"VV";"GM1";"10.6540983"
"2012-03";"B";"GM1";"480047"
"2012-03";"VV";"GM1";"10.38354526"
"2012-04";"B";"GM1";"483599"
"2012-04";"VV";"GM1";"9.49527014"
"2012-05";"B";"GM1";"487557"
"2012-05";"VV";"GM1";"9.98452501"
"2012-06";"B";"GM1";"498579"
"2012-06";"VV";"GM1";"13.63028263"
"2012-07";"B";"GM1";"509836"
"2012-07";"VV";"GM1";"15.37204745"
"2012-08";"B";"GM1";"518162"
"2012-08";"VV";"GM1";"11.38980908"
"2012-09";"B";"GM1";"522052"
"2012-09";"VV";"GM1";"10.99931961"
"2012-10";"B";"GM1";"527023"
"2012-10";"VV";"GM1";"10.69307222"
"2012-11";"B";"GM1";"531588"
"2012-11";"VV";"GM1";"11.52609153"
"2012-12";"B";"GM1";"536921"
"2012-12";"VV";"GM1";"11.32580132"
"2013-01";"B";"GM1";"535128"
"2013-01";"VV";"GM1";"10.80218156"
"2013-02";"B";"GM1";"537330"
"2013-02";"VV";"GM1";"11.5065514"
"2013-03";"B";"GM1";"537862"
"2013-03";"VV";"GM1";"12.0436124"
"2013-04";"B";"GM1";"546452"
"2013-04";"VV";"GM1";"12.99692514"
"2013-05";"B";"GM1";"546521"
"2013-05";"VV";"GM1";"12.09376545"
"2013-06";"B";"GM1";"538865"
"2013-06";"VV";"GM1";"8.08016383"
"2013-07";"B";"GM1";"546948"
"2013-07";"VV";"GM1";"7.27920351"
"2013-08";"B";"GM1";"554359"
"2013-08";"VV";"GM1";"6.98565314"
"2013-09";"B";"GM1";"550480"
"2013-09";"VV";"GM1";"5.44543455"
"2013-10";"B";"GM1";"554396"
"2013-10";"VV";"GM1";"5.19389097"
"2013-11";"B";"GM1";"560324"
"2013-11";"VV";"GM1";"5.40569012"
"2013-12";"B";"GM1";"554429"
"2013-12";"VV";"GM1";"3.26081491"
"2014-01";"B";"GM1";"561178"
"2014-01";"VV";"GM1";"4.8679942"
"2014-02";"B";"GM1";"563047"
"2014-02";"VV";"GM1";"4.78607187"
"2014-03";"B";"GM1";"566449"
"2014-03";"VV";"GM1";"5.31493208"
"2014-04";"B";"GM1";"567210"
"2014-04";"VV";"GM1";"3.7986868"
"2014-05";"B";"GM1";"568846"
"2014-05";"VV";"GM1";"4.08492995"
"2014-06";"B";"GM1";"563697"
"2014-06";"VV";"GM1";"4.60820428"
"2014-07";"B";"GM1";"566309"
"2014-07";"VV";"GM1";"3.53982463"
"2014-08";"B";"GM1";"569187"
"2014-08";"VV";"GM1";"2.67480099"
"2014-09";"B";"GM1";"565481"
"2014-09";"VV";"GM1";"2.7250763"
"2014-10";"B";"GM1";"570091"
"2014-10";"VV";"GM1";"2.83100888"
"2014-11";"B";"GM1";"577389"
"2014-11";"VV";"GM1";"3.04555935"
"2014-12";"B";"GM1";"567209"
"2014-12";"VV";"GM1";"2.30507423"
"2015-01";"B";"GM1";"566951"
"2015-01";"VV";"GM1";"1.02872885"
"2015-02";"B";"GM1";"567887"
"2015-02";"VV";"GM1";"0.85960852"
"2015-03";"B";"GM1";"572826"
"2015-03";"VV";"GM1";"1.12578538"
"2015-04";"B";"GM1";"566532"
"2015-04";"VV";"GM1";"-0.11953245"
"2015-05";"B";"GM1";"568534"
"2015-05";"VV";"GM1";"-0.05484789"
"2015-06";"B";"GM1";"568371"
"2015-06";"VV";"GM1";"0.82916886"
"2015-07";"B";"GM1";"570623"
"2015-07";"VV";"GM1";"0.76177493"
"2015-08";"B";"GM1";"572319"
"2015-08";"VV";"GM1";"0.55025853"
"2015-09";"B";"GM1";"569406"
"2015-09";"VV";"GM1";"0.69409936"
"2015-10";"B";"GM1";"554804"
"2015-10";"VV";"GM1";"-2.68150173"
"2015-11";"B";"GM1";"561065"
"2015-11";"VV";"GM1";"-2.82721008"
"2015-12";"B";"GM1";"559266"
"2015-12";"VV";"GM1";"-1.40036565"
"2016-01";"B";"GM1";"561547"
"2016-01";"VV";"GM1";"-0.95316879"
"2016-02";"B";"GM1";"564621"
"2016-02";"VV";"GM1";"-0.57511442"
"2016-03";"B";"GM1";"573737"
"2016-03";"VV";"GM1";"0.15903608"
"2016-04";"B";"GM1";"573611"
"2016-04";"VV";"GM1";"1.24953224"
"2016-05";"B";"GM1";"576485"
"2016-05";"VV";"GM1";"1.39850915"
"2016-06";"B";"GM1";"577626"
"2016-06";"VV";"GM1";"1.62833783"
"2016-07";"B";"GM1";"584324"
"2016-07";"VV";"GM1";"2.40105989"
"2016-08";"B";"GM1";"587437"
"2016-08";"VV";"GM1";"2.64153383"
"2016-09";"B";"GM1";"586325"
"2016-09";"VV";"GM1";"2.97134207"
"2016-10";"B";"GM1";"590160"
"2016-10";"VV";"GM1";"6.37270099"
"2016-11";"B";"GM1";"592133"
"2016-11";"VV";"GM1";"5.53732633"
"2016-12";"B";"GM1";"594550"
"2016-12";"VV";"GM1";"6.30898356"
"2017-01";"B";"GM1";"596051"
"2017-01";"VV";"GM1";"6.14445452"
"2017-02";"B";"GM1";"598760"
"2017-02";"VV";"GM1";"6.04635676"
"2017-03";"B";"GM1";"603797"
"2017-03";"VV";"GM1";"5.2393344"
"2017-04";"B";"GM1";"605591"
"2017-04";"VV";"GM1";"5.57520689"
"2017-05";"B";"GM1";"615244"
"2017-05";"VV";"GM1";"6.72333192"
"2017-06";"B";"GM1";"615991"
"2017-06";"VV";"GM1";"6.64184091"
"2017-07";"B";"GM1";"620435"
"2017-07";"VV";"GM1";"6.1799618"
"2017-08";"B";"GM1";"625625"
"2017-08";"VV";"GM1";"6.50078221"
"2017-09";"B";"GM1";"626002"
"2017-09";"VV";"GM1";"6.76706605"
"2017-10";"B";"GM1";"632010"
"2017-10";"VV";"GM1";"7.09129728"
"2017-11";"B";"GM1";"638045"
"2017-11";"VV";"GM1";"7.75366345"
"2017-12";"B";"GM1";"637053"
"2017-12";"VV";"GM1";"7.14876798"
"2018-01";"B";"GM1";"640417"
"2018-01";"VV";"GM1";"7.4433228"
"2018-02";"B";"GM1";"643071"
"2018-02";"VV";"GM1";"7.40046095"
"2018-03";"B";"GM1";"645849"
"2018-03";"VV";"GM1";"6.9645924"
"2018-04";"B";"GM1";"647050"
"2018-04";"VV";"GM1";"6.84603965"
"2018-05";"B";"GM1";"650635"
"2018-05";"VV";"GM1";"5.75235191"
"2018-06";"B";"GM1";"647042"
"2018-06";"VV";"GM1";"5.0408204"
"2018-07";"B";"GM1";"652047"
"2018-07";"VV";"GM1";"5.09513487"
"2018-08";"B";"GM1";"656664"
"2018-08";"VV";"GM1";"4.96127872"
"2018-09";"B";"GM1";"656176"
"2018-09";"VV";"GM1";"4.8201124"
"2018-10";"B";"GM1";"662847"
"2018-10";"VV";"GM1";"4.87919495"
"2018-11";"B";"GM1";"669461"
"2018-11";"VV";"GM1";"4.92379064"
"2018-12";"B";"GM1";"671722"
"2018-12";"VV";"GM1";"5.44209038"
"2019-01";"B";"GM1";"672116"
"2019-01";"VV";"GM1";"4.94974368"
"2019-02";"B";"GM1";"675990"
"2019-02";"VV";"GM1";"5.1190304"
"2019-03";"B";"GM1";"679434"
"2019-03";"VV";"GM1";"5.20013192"
"2019-04";"B";"GM1";"680033"
"2019-04";"VV";"GM1";"5.09744224"
"2019-05";"B";"GM1";"684210"
"2019-05";"VV";"GM1";"5.16034336"
"2019-06";"B";"GM1";"680401"
"2019-06";"VV";"GM1";"5.15561586"
"2019-07";"B";"GM1";"682809"
"2019-07";"VV";"GM1";"4.71775808"
"2019-08";"B";"GM1";"683920"
"2019-08";"VV";"GM1";"4.15067675"
"2019-09";"B";"GM1";"679720"
"2019-09";"VV";"GM1";"3.58806174"
"2019-10";"B";"GM1";"678440"
"2019-10";"VV";"GM1";"2.35242824"
"2019-11";"B";"GM1";"678065"
"2019-11";"VV";"GM1";"1.28521303"
"2019-12";"B";"GM1";"675753"
"2019-12";"VV";"GM1";"0.60009945"
"2020-01";"B";"GM1";"671327"
"2020-01";"VV";"GM1";"-0.11739045"
"2020-02";"B";"GM1";"675258"
"2020-02";"VV";"GM1";"-0.10828563"
"2020-03";"B";"GM1";"692331"
"2020-03";"VV";"GM1";"1.89819762"
"2020-04";"B";"GM1";"699191"
"2020-04";"VV";"GM1";"2.81721622"
"2020-05";"B";"GM1";"707115"
"2020-05";"VV";"GM1";"3.34765642"
"2020-06";"B";"GM1";"710569"
"2020-06";"VV";"GM1";"4.43385592"
"2020-07";"B";"GM1";"714575"
"2020-07";"VV";"GM1";"4.65225268"
"2020-08";"B";"GM1";"718805"
"2020-08";"VV";"GM1";"5.10074278"
"2020-09";"B";"GM1";"718530"
"2020-09";"VV";"GM1";"5.709704"
"2020-10";"B";"GM1";"727186"
"2020-10";"VV";"GM1";"7.18501268"
"2020-11";"B";"GM1";"733209"
"2020-11";"VV";"GM1";"8.13255366"
"2020-12";"B";"GM1";"736570"
"2020-12";"VV";"GM1";"8.99988605"
"2021-01";"B";"GM1";"738328"
"2021-01";"VV";"GM1";"9.98038214"
"2021-02";"B";"GM1";"741276"
"2021-02";"VV";"GM1";"9.77670757"
"2021-03";"B";"GM1";"749424"
"2021-03";"VV";"GM1";"8.24648903"
"2021-04";"B";"GM1";"750220"
"2021-04";"VV";"GM1";"7.29829188"
"2021-05";"B";"GM1";"753566"
"2021-05";"VV";"GM1";"6.56908707"
"2021-06";"B";"GM1";"753060"
"2021-06";"VV";"GM1";"5.97985558"
"2021-07";"B";"GM1";"760957"
"2021-07";"VV";"GM1";"6.49085121"
"2021-08";"B";"GM1";"760393"
"2021-08";"VV";"GM1";"5.78571379"
"2021-09";"B";"GM1";"763412"
"2021-09";"VV";"GM1";"6.2463641"
"2021-10";"B";"GM1";"766793"
"2021-10";"VV";"GM1";"5.44661201"
"2021-11";"B";"GM1";"766898"
"2021-11";"VV";"GM1";"4.59473356"
"2021-12";"B";"GM1";"769725"
"2021-12";"VV";"GM1";"4.5012694"
"2022-01";"B";"GM1";"771158"
"2022-01";"VV";"GM1";"4.44653325"
"2022-02";"B";"GM1";"769749"
"2022-02";"VV";"GM1";"3.84107944"
"2022-03";"B";"GM1";"780952"
"2022-03";"VV";"GM1";"4.20696428"
"2022-04";"B";"GM1";"777551"
"2022-04";"VV";"GM1";"3.6430647"
"2022-05";"B";"GM1";"779183"
"2022-05";"VV";"GM1";"3.39943681"
"2022-06";"B";"GM1";"775870"
"2022-06";"VV";"GM1";"3.02897511"
"2022-07";"B";"GM1";"778238"
"2022-07";"VV";"GM1";"2.27095618"
"2022-08";"B";"GM1";"780505"
"2022-08";"VV";"GM1";"2.64494807"
"2022-09";"B";"GM1";"776548"
"2022-09";"VV";"GM1";"1.72069603"
"2022-10";"B";"GM1";"766329"
"2022-10";"VV";"GM1";"-0.06051177"
"2022-11";"B";"GM1";"771043"
"2022-11";"VV";"GM1";"0.54048909"
"2022-12";"B";"GM1";"752533"
"2022-12";"VV";"GM1";"-2.23352496"
"2023-01";"B";"GM1";"732475"
"2023-01";"VV";"GM1";"-5.01622236"
"2023-02";"B";"GM1";"719999"
"2023-02";"VV";"GM1";"-6.46314578"
"2023-03";"B";"GM1";"705664"
"2023-03";"VV";"GM1";"-9.64054129"
"2023-04";"B";"GM1";"697982"
"2023-04";"VV";"GM1";"-10.23328373"
"2023-05";"B";"GM1";"683095"
"2023-05";"VV";"GM1";"-12.33189122"
"2023-06";"B";"GM1";"668191"
"2023-06";"VV";"GM1";"-13.8784848"
"2023-07";"B";"GM1";"651660"
"2023-07";"VV";"GM1";"-16.26469024"
"2023-08";"B";"GM1";"640788"
"2023-08";"VV";"GM1";"-17.90084625"
"2023-09";"B";"GM1";"634909"
"2023-09";"VV";"GM1";"-18.23956793"
"2023-10";"B";"GM1";"630200"
"2023-10";"VV";"GM1";"-17.76378031"
"2023-11";"B";"GM1";"628296"
"2023-11";"VV";"GM1";"-18.51349406"
"2023-12";"B";"GM1";"621192"
"2023-12";"VV";"GM1";"-17.4531881"
"2024-01";"B";"GM1";"607756"
"2024-01";"VV";"GM1";"-17.02706577"
"2024-02";"B";"GM1";"600072"
"2024-02";"VV";"GM1";"-16.65655091"
"2024-03";"B";"GM1";"602524"
"2024-03";"VV";"GM1";"-14.61602122"
"2024-04";"B";"GM1";"601715"
"2024-04";"VV";"GM1";"-13.79218948"
"2024-05";"B";"GM1";"596583"
"2024-05";"VV";"GM1";"-12.66470989"
"2024-06";"B";"GM1";"602622"
"2024-06";"VV";"GM1";"-9.81291277"
"2024-07";"B";"GM1";"597255"
"2024-07";"VV";"GM1";"-8.34867876"
"2024-08";"B";"GM1";"600729"
"2024-08";"VV";"GM1";"-6.25152156"
"2024-09";"B";"GM1";"609075"
"2024-09";"VV";"GM1";"-4.06892956"
"2024-10";"B";"GM1";"611103"
"2024-10";"VV";"GM1";"-3.03030784"
"2024-11";"B";"GM1";"620897"
"2024-11";"VV";"GM1";"-1.17762965"
"2024-12";"B";"GM1";"635568"
"2024-12";"VV";"GM1";"2.31426033"
"2025-01";"B";"GM1";"632465"
"2025-01";"VV";"GM1";"4.06561186"
"2025-02";"B";"GM1";"634649"
"2025-02";"VV";"GM1";"5.76214188"
"2025-03";"B";"GM1";"653881"
"2025-03";"VV";"GM1";"8.52364387"
"2025-04";"B";"GM1";"670321"
"2025-04";"VV";"GM1";"11.40174335"
"2025-05";"B";"GM1";"674118"
"2025-05";"VV";"GM1";"12.99651515"
"2025-06";"B";"GM1";"709414"
"2025-06";"VV";"GM1";"17.72122491"
"2025-07";"B";"GM1";"723526"
"2025-07";"VV";"GM1";"21.14189082"
"2025-08";"B";"GM1";"731330"
"2025-08";"VV";"GM1";"21.74041872"
"2025-09";"B";"GM1";"733855"
"2025-09";"VV";"GM1";"20.48680376"
"2025-10";"B";"GM1";"741713"
"2025-10";"VV";"GM1";"21.37282913"
"2025-11";"B";"GM1";"751863"
"2025-11";"VV";"GM1";"21.09303153"
"2025-12";"B";"GM1";"750196"
"2025-12";"VV";"GM1";"18.03552098"
"2026-01";"B";"GM1";"753088"
"2026-01";"VV";"GM1";"19.0718854"
"2026-02";"B";"GM1";"756261"
"2026-02";"VV";"GM1";"19.16208802"
"2026-03";"B";"GM1";"764506"
"2026-03";"VV";"GM1";"16.91821601"
"2026-04";"B";"GM1";"767065"
"2026-04";"VV";"GM1";"14.43248832"
"2026-05";"B";"GM1";"769137"
"2026-05";"VV";"GM1";"14.09530676"
"2026-06";"B";"GM1";"769152"
"2026-06";"VV";"GM1";"8.4207529"
